t,x,y,theta,v,a_cmd,delta_cmd
1.000000000000000056e-01,2.579680061340332031e+01,6.129999923706054688e+01,0.000000000000000000e+00,7.967999935150146484e+00,6.564866962838009634e-01,4.752975787801917429e-01
2.000000000000000111e-01,2.659170150756835938e+01,6.130632400512695312e+01,7.958835922181606293e-03,7.949257850646972656e+00,1.500000000000000000e+00,-1.332199727920314603e-01
3.000000000000000444e-01,2.738747215270996094e+01,6.131265640258789062e+01,7.958835922181606293e-03,7.957964420318603516e+00,1.500000000000000000e+00,-1.100879844472952146e-01
4.000000000000000222e-01,2.818632507324218750e+01,6.131262588500976562e+01,-3.932416802854277194e-05,7.988535404205322266e+00,7.873880134557280641e-01,4.999999340735776232e-01
5.000000000000000000e-01,2.898855018615722656e+01,6.131259536743164062e+01,-3.932416802854277194e-05,8.022251129150390625e+00,-2.012886586634335395e-01,-2.830741468165107744e-01
6.000000000000000888e-01,2.979239082336425781e+01,6.130609512329101562e+01,-8.087460882961750031e-03,8.038672447204589844e+00,1.484015427033115175e+00,-5.686288294284735922e-02
7.000000000000000666e-01,3.059979057312011719e+01,6.129337692260742188e+01,-1.574880443513393402e-02,8.075006484985351562e+00,1.432448972883785032e+00,2.146038065896850866e-01
8.000000000000000444e-01,3.141230964660644531e+01,6.128092575073242188e+01,-1.532394066452980042e-02,8.126146316528320312e+00,1.500000000000000000e+00,-5.000000000000000000e-01
9.000000000000000222e-01,3.223113250732421875e+01,6.126201248168945312e+01,-2.309447899460792542e-02,8.190393447875976562e+00,-1.700172898708859792e+00,4.999999999996915245e-01
1.000000000000000000e+00,3.305102539062500000e+01,6.124342727661132812e+01,-2.266580238938331604e-02,8.201029777526855469e+00,1.500000000000000000e+00,1.692449931452983947e-01
1.100000000000000089e+00,3.387424087524414062e+01,6.123191070556640625e+01,-1.399070397019386292e-02,8.232944488525390625e+00,1.184521734287939276e+00,-4.999999999999998335e-01
1.200000000000000178e+00,3.470171356201171875e+01,6.122069168090820312e+01,-1.355821266770362854e-02,8.275478363037109375e+00,8.519852960609161086e-01,-4.999998871651915588e-01
1.300000000000000044e+00,3.553350067138671875e+01,6.120284652709960938e+01,-2.145129814743995667e-02,8.319787979125976562e+00,1.240093314697474358e-01,-4.999999964871252311e-01
1.400000000000000133e+00,3.636799621582031250e+01,6.117129516601562500e+01,-3.779060393571853638e-02,8.350918769836425781e+00,-1.061927397695366482e+00,-4.999615948154411682e-01
1.500000000000000000e+00,3.720113754272460938e+01,6.111902236938476562e+01,-6.265766173601150513e-02,8.347804069519042969e+00,-1.361318415983603147e+00,4.996083459302447238e-01
1.600000000000000089e+00,3.802969360351562500e+01,6.105349731445312500e+01,-7.892018556594848633e-02,8.311417579650878906e+00,1.129721294726567571e+00,5.000000000000000000e-01
1.700000000000000178e+00,3.885640716552734375e+01,6.098156356811523438e+01,-8.679277449846267700e-02,8.298370361328125000e+00,1.087277647204661468e+00,4.999996103847821338e-01
1.800000000000000044e+00,3.968362045288085938e+01,6.090994644165039062e+01,-8.635885268449783325e-02,8.303081512451171875e+00,4.156755964673838344e-01,-3.524130548629947901e-01
1.900000000000000133e+00,4.051078414916992188e+01,6.083176040649414062e+01,-9.424144029617309570e-02,8.308506011962890625e+00,8.909852498654786956e-02,4.863888935419906079e-01
2.000000000000000000e+00,4.133792877197265625e+01,6.075394058227539062e+01,-9.380704909563064575e-02,8.307963371276855469e+00,3.638797970663501524e-01,4.997580922696176486e-01
2.100000000000000089e+00,4.216574096679687500e+01,6.068336105346679688e+01,-8.505278825759887695e-02,8.308162689208984375e+00,6.286017329995768899e-01,-4.999957408221321620e-01
2.200000000000000178e+00,4.299419021606445312e+01,6.061309051513671875e+01,-8.461839705705642700e-02,8.314247131347656250e+00,-1.264611251525996849e+00,4.999961443087043156e-01
2.300000000000000266e+00,4.382051849365234375e+01,6.055026245117187500e+01,-7.588607817888259888e-02,8.287151336669921875e+00,1.500000000000000000e+00,1.620509634109199015e-01
2.400000000000000355e+00,4.464797973632812500e+01,6.050156021118164062e+01,-5.878812447190284729e-02,8.288931846618652344e+00,2.608876403252338161e-01,-5.000000000000000000e-01
2.500000000000000000e+00,4.547583389282226562e+01,6.046008682250976562e+01,-5.005485191941261292e-02,8.288936614990234375e+00,7.391716966487400509e-01,-3.037827498606021637e-01
2.600000000000000089e+00,4.630452346801757812e+01,6.041893386840820312e+01,-4.962045326828956604e-02,8.297093391418457031e+00,1.090694666555471537e+00,4.999487315337721727e-01
2.700000000000000178e+00,4.713570785522460938e+01,6.038495635986328125e+01,-4.085570946335792542e-02,8.318768501281738281e+00,-2.566760426729454814e+00,-4.999999983461514974e-01
2.800000000000000266e+00,4.796283721923828125e+01,6.035150527954101562e+01,-4.042274132370948792e-02,8.278049468994140625e+00,-6.957646118889844189e-01,4.999999999999999445e-01
2.900000000000000355e+00,4.878492736816406250e+01,6.032538986206054688e+01,-3.175622597336769104e-02,8.225066184997558594e+00,-7.798326586328047094e-01,4.999999961641563018e-01
3.000000000000000000e+00,4.960090255737304688e+01,6.031321334838867188e+01,-1.492292154580354691e-02,8.160672187805175781e+00,8.518475291465822385e-01,-4.999999685012072592e-01
3.100000000000000089e+00,5.041287231445312500e+01,6.030804443359375000e+01,-6.367031484842300415e-03,8.119872093200683594e+00,1.499100445648795299e+00,-4.996741998873766577e-01
3.200000000000000178e+00,5.122394180297851562e+01,6.030322265625000000e+01,-5.943123251199722290e-03,8.110848426818847656e+00,5.822788654835322486e-01,-1.390369572810510324e-01
3.300000000000000266e+00,5.203474807739257812e+01,6.029216766357421875e+01,-1.363593805581331253e-02,8.108815193176269531e+00,-8.953989107617649212e-01,6.216222813765356903e-02
3.400000000000000355e+00,5.284295654296875000e+01,6.028148651123046875e+01,-1.321345940232276917e-02,8.082799911499023438e+00,1.467173106766254564e+00,-4.684616139861337847e-01
3.500000000000000000e+00,5.365127563476562500e+01,6.026460266113281250e+01,-2.088386192917823792e-02,8.084948539733886719e+00,-2.593239168446023202e-01,1.047268670481013297e-01
3.600000000000000089e+00,5.445860671997070312e+01,6.024808120727539062e+01,-2.046186290681362152e-02,8.075005531311035156e+00,1.500000000000000000e+00,4.999999581160300965e-01
3.700000000000000178e+00,5.526761245727539062e+01,6.023842239379882812e+01,-1.193696632981300354e-02,8.090622901916503906e+00,-8.528140239288231061e-01,-2.697433401687043819e-03
3.800000000000000266e+00,5.607551193237304688e+01,6.022911834716796875e+01,-1.151448860764503479e-02,8.079538345336914062e+00,1.300951250687544469e+00,5.000000000000000000e-01
3.900000000000000355e+00,5.688453292846679688e+01,6.022669982910156250e+01,-2.989594126120209694e-03,8.090261459350585938e+00,1.923122704222784973e-01,4.999983862327665451e-01
4.000000000000000000e+00,5.769407653808593750e+01,6.023780059814453125e+01,1.371048856526613235e-02,8.096179962158203125e+00,-5.819799737820603447e-01,-5.000000000000000000e-01
4.100000000000000533e+00,5.850215530395507812e+01,6.025576400756835938e+01,2.222715318202972412e-02,8.082778930664062500e+00,-1.035472343358249336e+00,1.887825359200505371e-01
4.200000000000000178e+00,5.930604171752929688e+01,6.028698730468750000e+01,3.882155939936637878e-02,8.044925689697265625e+00,1.500000000000000000e+00,-5.000000000000000000e-01
4.299999999999999822e+00,6.010897445678710938e+01,6.032498931884765625e+01,4.729141294956207275e-02,8.038328170776367188e+00,1.499982365592279043e+00,-4.999999999999847344e-01
4.400000000000000355e+00,6.091372299194335938e+01,6.036341476440429688e+01,4.771273583173751831e-02,8.056640625000000000e+00,-1.331531297933451929e+00,7.868426504554942857e-02
4.500000000000000000e+00,6.171627044677734375e+01,6.040855026245117188e+01,5.618239194154739380e-02,8.038155555725097656e+00,3.983729451686103262e-01,1.753995938999047544e-01
4.600000000000000533e+00,6.251664352416992188e+01,6.046686935424804688e+01,7.273561507463455200e-02,8.024963378906250000e+00,1.380604331679065044e+00,-5.000000000000000000e-01
4.700000000000000178e+00,6.331755828857421875e+01,6.053205108642578125e+01,8.120264858007431030e-02,8.035644531250000000e+00,-5.756619982108069911e-01,-2.683870665343305317e-01
4.800000000000000711e+00,6.411750793457031250e+01,6.059748840332031250e+01,8.162229508161544800e-02,8.026213645935058594e+00,5.571170471532704838e-01,4.999994694715213517e-01
4.900000000000000355e+00,6.491659545898437500e+01,6.066966247558593750e+01,9.007641673088073730e-02,8.023420333862304688e+00,1.498544174680413565e+00,3.919477624894939227e-01
5.000000000000000000e+00,6.571649932861328125e+01,6.075531387329101562e+01,1.066704392433166504e-01,8.044746398925781250e+00,1.498352891512678919e+00,-3.184332455530828332e-01
5.100000000000000533e+00,6.651966857910156250e+01,6.084824371337890625e+01,1.151897311210632324e-01,8.085270881652832031e+00,-3.640740636742229697e+00,-2.281939004122913728e-01
5.200000000000000178e+00,6.731813049316406250e+01,6.094096755981445312e+01,1.156099140644073486e-01,8.038277626037597656e+00,1.077994076467402307e+00,-2.483519977828714531e-01
5.300000000000000711e+00,6.811505889892578125e+01,6.102737426757812500e+01,1.080048009753227234e-01,8.015962600708007812e+00,-4.072090015876528302e-01,-4.248674183106044833e-01
5.400000000000000355e+00,6.891001892089843750e+01,6.110102462768554688e+01,9.238373488187789917e-02,7.983624935150146484e+00,1.181798538714603497e+00,4.973118492659391876e-01
5.500000000000000000e+00,6.970466613769531250e+01,6.116858673095703125e+01,8.481737971305847168e-02,7.975107192993164062e+00,-2.053895500062719037e+00,4.163599277192417958e-01
5.600000000000000533e+00,7.049387359619140625e+01,6.123601531982421875e+01,8.523160964250564575e-02,7.920862197875976562e+00,4.250064593317387507e-01,-1.622747611421213598e-01
5.700000000000000178e+00,7.127947235107421875e+01,6.129722213745117188e+01,7.775568217039108276e-02,7.879803180694580078e+00,1.478191571730642861e+00,1.182766889230628116e-01
5.800000000000000711e+00,7.206410217285156250e+01,6.135868072509765625e+01,7.816726714372634888e-02,7.870347499847412109e+00,1.499999999999915179e+00,4.999999999991688870e-01
5.900000000000000355e+00,7.284980773925781250e+01,6.142679595947265625e+01,8.647719770669937134e-02,7.886517047882080078e+00,-1.312871920055757036e+00,-4.999999999997668532e-01
6.000000000000000000e+00,7.363352203369140625e+01,6.149506378173828125e+01,8.688858896493911743e-02,7.866834163665771484e+00,7.433204247713721680e-01,4.999999992765339907e-01
6.100000000000000533e+00,7.441593933105468750e+01,6.156975173950195312e+01,9.517025202512741089e-02,7.859724044799804688e+00,1.499999997722187617e+00,4.999999999999999445e-01
6.200000000000000178e+00,7.519882965087890625e+01,6.165734481811523438e+01,1.114199459552764893e-01,7.877770900726318359e+00,1.500000000000000000e+00,-3.561145434270835963e-01
6.300000000000000711e+00,7.598474121093750000e+01,6.175191879272460938e+01,1.197607815265655518e-01,7.915848255157470703e+00,1.499981501907640125e+00,5.000000000000000000e-01
6.400000000000000355e+00,7.677434539794921875e+01,6.186013412475585938e+01,1.362003237009048462e-01,7.969855308532714844e+00,1.500000000000000000e+00,-5.000000000000000000e-01
6.500000000000000000e+00,7.756960296630859375e+01,6.197599029541015625e+01,1.446683406829833984e-01,8.036512374877929688e+00,-2.388540578167170497e-02,-1.723372328170377221e-01
6.600000000000000533e+00,7.836938476562500000e+01,6.209285354614257812e+01,1.450909376144409180e-01,8.082717895507812500e+00,6.038069840240434250e-01,1.574708578373759660e-01
6.700000000000000178e+00,7.917232513427734375e+01,6.221720886230468750e+01,1.536523997783660889e-01,8.125144004821777344e+00,1.022294952288172798e+00,2.207671755800379165e-02
6.800000000000000711e+00,7.997960662841796875e+01,6.234472274780273438e+01,1.566600203514099121e-01,8.172895431518554688e+00,1.476447970387634312e-01,-1.074799237429517190e-01
6.900000000000000355e+00,8.079094696044921875e+01,6.246856307983398438e+01,1.514701247215270996e-01,8.207358360290527344e+00,9.511147288917409792e-02,-4.999991972222153636e-01
7.000000000000000000e+00,8.160614013671875000e+01,6.258177566528320312e+01,1.379950046539306641e-01,8.230154991149902344e+00,1.499999999999997335e+00,5.000000000000000000e-01
7.100000000000000533e+00,8.242603302001953125e+01,6.269127273559570312e+01,1.327642798423767090e-01,8.271735191345214844e+00,-3.375373276658439448e+00,3.962060016275315011e-02
7.200000000000000178e+00,8.324153137207031250e+01,6.280269622802734375e+01,1.357932686805725098e-01,8.230741500854492188e+00,-7.425130159404987884e-01,4.269085064254263262e-01
7.300000000000000711e+00,8.405037689208984375e+01,6.292246246337890625e+01,1.470036059617996216e-01,8.176642417907714844e+00,-2.022467709055335128e+00,4.999991786555869067e-01
7.400000000000000355e+00,8.484787750244140625e+01,6.305630874633789062e+01,1.662818938493728638e-01,8.086545944213867188e+00,-6.795367799726051983e-01,-3.708805970967282151e-01
7.500000000000000000e+00,8.563481903076171875e+01,6.319726943969726562e+01,1.772428303956985474e-01,7.994697093963623047e+00,1.500000000000000000e+00,-4.385327089692544478e-01
7.600000000000000533e+00,8.641647338867187500e+01,6.333964157104492188e+01,1.801665872335433960e-01,7.945116043090820312e+00,1.052187391562678043e+00,-1.181177974312144496e-01
7.700000000000000178e+00,8.719638061523437500e+01,6.347766494750976562e+01,1.751581132411956787e-01,7.920297622680664062e+00,-6.526642358587734227e-01,-5.000000000000000000e-01
7.800000000000000711e+00,8.797414398193359375e+01,6.360498046875000000e+01,1.622544676065444946e-01,7.881132602691650391e+00,-9.678147732476402032e-01,-1.816473634621686428e-01
7.900000000000000355e+00,8.874874877929687500e+01,6.371531677246093750e+01,1.414877027273178101e-01,7.824265003204345703e+00,-1.492387155068029436e+00,5.000000000000000000e-01
8.000000000000000000e+00,8.951661682128906250e+01,6.381477737426757812e+01,1.288104355335235596e-01,7.742845535278320312e+00,1.258260794083740475e+00,5.000000000000000000e-01
8.099999999999999645e+00,9.028040313720703125e+01,6.390993118286132812e+01,1.239431649446487427e-01,7.696941375732421875e+00,1.499999977332869161e+00,3.582908848663517443e-01
8.200000000000001066e+00,9.104265594482421875e+01,6.400708770751953125e+01,1.267710626125335693e-01,7.684207439422607422e+00,1.499991538488874676e+00,-4.999935258569037089e-01
8.300000000000000711e+00,9.180673217773437500e+01,6.410069274902343750e+01,1.219032332301139832e-01,7.697913646697998047e+00,1.500000000000000000e+00,4.999999999974057974e-01
8.400000000000000355e+00,9.257398986816406250e+01,6.419690704345703125e+01,1.247489154338836670e-01,7.732676506042480469e+00,9.550768300762854102e-01,-2.868708698046911754e-01
8.500000000000000000e+00,9.334574127197265625e+01,6.428983306884765625e+01,1.198333278298377991e-01,7.773290634155273438e+00,1.500000000000000000e+00,2.527504549157768565e-01
8.599999999999999645e+00,9.412279510498046875e+01,6.438567352294921875e+01,1.227145940065383911e-01,7.829433441162109375e+00,-2.030904354841843507e+00,-4.999999999971201925e-01
8.700000000000001066e+00,9.490010070800781250e+01,6.447763824462890625e+01,1.177649348974227905e-01,7.827286243438720703e+00,1.499999999980060617e+00,4.999812295142996854e-01
8.800000000000000711e+00,9.567932891845703125e+01,6.457211303710937500e+01,1.206534951925277710e-01,7.849313735961914062e+00,1.499942156030958040e+00,3.401892120939720154e-01
8.900000000000000355e+00,9.646157836914062500e+01,6.467555236816406250e+01,1.314716935157775879e-01,7.890584468841552734e+00,1.084985765847859440e+00,-4.413754113104110255e-01
9.000000000000000000e+00,9.724830627441406250e+01,6.478192138671875000e+01,1.343932449817657471e-01,7.938856124877929688e+00,5.677621285417353558e-01,-5.000000000000000000e-01
9.099999999999999645e+00,9.803987121582031250e+01,6.488488006591796875e+01,1.293456256389617920e-01,7.982323169708251953e+00,-4.134693114024849958e-01,4.999999829998764689e-01
9.200000000000001066e+00,9.883310699462890625e+01,6.499043273925781250e+01,1.322905868291854858e-01,8.002302169799804688e+00,1.293612319904176244e+00,-4.725837365356230779e-01
9.300000000000000711e+00,9.963037872314453125e+01,6.509239959716796875e+01,1.272079646587371826e-01,8.037692070007324219e+00,7.311493624919944700e-01,-4.999999281550364105e-01
9.400000000000000355e+00,1.004325485229492188e+02,6.518423461914062500e+01,1.139884293079376221e-01,8.074083328247070312e+00,1.499999936507918408e+00,4.999983087613414368e-01
9.500000000000000000e+00,1.012404022216796875e+02,6.527251434326171875e+01,1.088494434952735901e-01,8.126621246337890625e+00,-8.796172234861057149e-01,-5.000000000000000000e-01
9.600000000000001421e+00,1.020511322021484375e+02,6.535018920898437500e+01,9.551474452018737793e-02,8.144389152526855469e+00,-1.364476881703193367e+00,1.613840110508225623e-01
9.700000000000001066e+00,1.028602905273437500e+02,6.542351531982421875e+01,9.037707746028900146e-02,8.124741554260253906e+00,8.160395228953918334e-01,-4.625615776296229109e-01
9.800000000000000711e+00,1.036697692871093750e+02,6.548603820800781250e+01,7.708413898944854736e-02,8.118907928466796875e+00,-1.633275135154994562e+00,5.000000000000000000e-01
9.900000000000000355e+00,1.044751892089843750e+02,6.554411315917968750e+01,7.197773456573486328e-02,8.075098991394042969e+00,-1.846742760406791639e+00,-2.961541900374125014e-01
1.000000000000000000e+01,1.052734832763671875e+02,6.559117126464843750e+01,5.888459831476211548e-02,7.996797084808349609e+00,2.506956127012663349e-01,-4.989955685234435667e-01
1.010000000000000142e+01,1.060662155151367188e+02,6.562117767333984375e+01,3.782906383275985718e-02,7.933022499084472656e+00,-2.212770241383279934e+00,4.493863683095724038e-01
1.020000000000000107e+01,1.068491287231445312e+02,6.564076232910156250e+01,2.500651217997074127e-02,7.831604957580566406e+00,-6.059718324031421188e-02,4.999999999999968914e-01
1.030000000000000071e+01,1.076233062744140625e+02,6.565633392333984375e+01,2.011001482605934143e-02,7.743318557739257812e+00,1.620054684734909822e-01,-4.682374968375331292e-01
1.040000000000000036e+01,1.083902893066406250e+02,6.566212463378906250e+01,7.552050985395908356e-03,7.670017242431640625e+00,1.499999999999999778e+00,-4.999546761068541234e-01
1.050000000000000000e+01,1.091537780761718750e+02,6.565242004394531250e+01,-1.271325815469026566e-02,7.635474681854248047e+00,2.871827009475747539e-01,7.633663006582636079e-03
1.060000000000000142e+01,1.099142990112304688e+02,6.563327789306640625e+01,-2.516967430710792542e-02,7.607586383819580078e+00,-2.372321359787965989e+00,5.000000000000000000e-01
1.070000000000000107e+01,1.106671447753906250e+02,6.561073303222656250e+01,-2.993232384324073792e-02,7.531832695007324219e+00,1.041452774759475508e+00,-5.000000000000000000e-01
1.080000000000000071e+01,1.114151077270507812e+02,6.557915496826171875e+01,-4.218989983201026917e-02,7.486275672912597656e+00,2.281734065931624034e-01,2.584150559861876917e-01
1.090000000000000036e+01,1.121591415405273438e+02,6.554423522949218750e+01,-4.690009728074073792e-02,7.448550224304199219e+00,3.197573554925738915e-01,5.000000000000000000e-01
1.100000000000000000e+01,1.129003143310546875e+02,6.551147460937500000e+01,-4.416972771286964417e-02,7.418926715850830078e+00,1.024390807635731981e+00,2.143618181368785458e-01
1.110000000000000142e+01,1.136408767700195312e+02,6.548627471923828125e+01,-3.401071205735206604e-02,7.409875392913818359e+00,1.357522505978701499e+00,5.000000000000000000e-01
1.120000000000000107e+01,1.143831634521484375e+02,6.547416687011718750e+01,-1.631194725632667542e-02,7.423885822296142578e+00,1.499999999999998668e+00,-5.000000000000000000e-01
1.130000000000000071e+01,1.151290588378906250e+02,6.546962738037109375e+01,-6.085221190005540848e-03,7.459110260009765625e+00,9.077606307813330666e-01,2.366816839365943892e-01
1.140000000000000036e+01,1.158789443969726562e+02,6.547846984863281250e+01,1.179334521293640137e-02,7.499364852905273438e+00,4.059531570338691386e-01,-3.164288600105099047e-01
1.150000000000000000e+01,1.166321182250976562e+02,6.549513244628906250e+01,2.212206274271011353e-02,7.533559322357177734e+00,-6.508304675469800404e-01,-1.761370714850233610e-01
1.160000000000000142e+01,1.173860626220703125e+02,6.551390838623046875e+01,2.489753253757953644e-02,7.541762351989746094e+00,9.296756559027991029e-01,-4.999999999999312217e-01
1.170000000000000107e+01,1.181419982910156250e+02,6.552911376953125000e+01,2.011638879776000977e-02,7.560858249664306641e+00,-5.897732383482656715e-02,2.023923409998487077e-01
1.180000000000000071e+01,1.188986816406250000e+02,6.554644775390625000e+01,2.290178835391998291e-02,7.568845748901367188e+00,-1.438722294419191750e+00,-4.999999988646863791e-01
1.190000000000000036e+01,1.196525955200195312e+02,6.556011962890625000e+01,1.813356205821037292e-02,7.540380477905273438e+00,-2.028986341727400333e+00,-5.000000000000000000e-01
1.200000000000000000e+01,1.203996887207031250e+02,6.556452941894531250e+01,5.901228636503219604e-03,7.471087455749511719e+00,-1.929830337181783761e+00,5.000000000000000000e-01
1.210000000000000142e+01,1.211368179321289062e+02,6.556544494628906250e+01,1.239926670677959919e-03,7.371301174163818359e+00,1.342316158377434787e+00,-4.909554318831675923e-01
1.220000000000000107e+01,1.218680496215820312e+02,6.555759429931640625e+01,-1.073295250535011292e-02,7.312740802764892578e+00,1.499999855211003208e+00,-2.983821719992987842e-01
1.230000000000000071e+01,1.225967407226562500e+02,6.553566741943359375e+01,-3.008252754807472229e-02,7.290229797363281250e+00,-3.044690502183905245e+00,1.250327039233107285e-01
1.240000000000000036e+01,1.233166656494140625e+02,6.550550079345703125e+01,-4.188043251633644104e-02,7.205566883087158203e+00,1.427694835439009324e+00,4.199486069450663606e-01
1.250000000000000000e+01,1.240319824218750000e+02,6.547228240966796875e+01,-4.640848189592361450e-02,7.160896778106689453e+00,2.173945110053769891e-01,-2.861356724172039456e-01
1.260000000000000142e+01,1.247431716918945312e+02,6.543093872070312500e+01,-5.807239562273025513e-02,7.123922824859619141e+00,1.500000000000000000e+00,-5.000000000000000000e-01
1.270000000000000107e+01,1.254529418945312500e+02,6.537620544433593750e+01,-7.696658372879028320e-02,7.118762969970703125e+00,1.399835527366917631e+00,2.247196794496316707e-01
1.280000000000000071e+01,1.261638336181640625e+02,6.531301879882812500e+01,-8.865195512771606445e-02,7.136953353881835938e+00,1.500000000000000000e+00,5.000000000000000000e-01
1.290000000000000036e+01,1.268782958984375000e+02,6.524624633789062500e+01,-9.318953752517700195e-02,7.175737857818603516e+00,1.499999999610235557e+00,4.999999999012399998e-01
1.300000000000000000e+01,1.275984268188476562e+02,6.518087768554687500e+01,-9.052831679582595825e-02,7.230900764465332031e+00,1.500000000000000000e+00,7.866247304365719950e-02
1.310000000000000142e+01,1.283259429931640625e+02,6.512186431884765625e+01,-8.093959838151931763e-02,7.299069881439208984e+00,1.050520352821260994e+00,-5.000000000000000000e-01
1.320000000000000107e+01,1.290605163574218750e+02,6.506397247314453125e+01,-7.864696532487869263e-02,7.368557929992675781e+00,9.729985622986295768e-01,5.000000000000000000e-01
1.330000000000000071e+01,1.298025054931640625e+02,6.501278686523437500e+01,-6.887608766555786133e-02,7.437491416931152344e+00,-4.224490525357000870e-01,-6.702542421681151330e-02
1.340000000000000036e+01,1.305486450195312500e+02,6.496305847167968750e+01,-6.654960662126541138e-02,7.478018760681152344e+00,-1.915652052683325612e+00,-4.999999999999999445e-01
1.350000000000000000e+01,1.312933349609375000e+02,6.490957641601562500e+01,-7.169657945632934570e-02,7.466015338897705078e+00,1.499999325166632591e+00,-5.000000000000000000e-01
1.360000000000000142e+01,1.320387268066406250e+02,6.484653472900390625e+01,-8.437425643205642700e-02,7.480478286743164062e+00,-1.772887805011698514e+00,-2.335048883591146207e-01
1.370000000000000107e+01,1.327797088623046875e+02,6.476875305175781250e+01,-1.045840382575988770e-01,7.450560092926025391e+00,1.500000000000000000e+00,-3.110340924320742495e-01
1.380000000000000071e+01,1.335182495117187500e+02,6.467029571533203125e+01,-1.325276494026184082e-01,7.450760841369628906e+00,1.258230603396065073e+00,-1.554287361239658216e-01
1.390000000000000036e+01,1.342565612792968750e+02,6.455660247802734375e+01,-1.527903825044631958e-01,7.470124721527099609e+00,-1.261279913470840119e+00,5.000000000000000000e-01
1.400000000000000000e+01,1.349918212890625000e+02,6.443385314941406250e+01,-1.654232144355773926e-01,7.454352378845214844e+00,-9.127739883619331307e-01,-4.912925834724245489e-01
1.410000000000000142e+01,1.357208404541015625e+02,6.429701232910156250e+01,-1.855443120002746582e-01,7.417565822601318359e+00,2.325438481250362843e-01,1.139253670862850898e-01
1.420000000000000107e+01,1.364450988769531250e+02,6.415165710449218750e+01,-1.980632096529006958e-01,7.386970996856689453e+00,1.492107365375899608e+00,-4.999996105270581581e-01
1.430000000000000071e+01,1.371662597656250000e+02,6.399183273315429688e+01,-2.180989384651184082e-01,7.386525630950927734e+00,-3.379739703614923929e+00,-4.502832213308013629e-03
1.440000000000000036e+01,1.378781890869140625e+02,6.382476806640625000e+01,-2.304924130439758301e-01,7.312666893005371094e+00,1.499999999999941824e+00,2.934391405308999223e-01
1.450000000000000000e+01,1.385858917236328125e+02,6.365494537353515625e+01,-2.355096936225891113e-01,7.277966022491455078e+00,1.499956346567054677e+00,-2.295810677259250976e-01
1.460000000000000142e+01,1.392911071777343750e+02,6.347649383544921875e+01,-2.478378415107727051e-01,7.274493217468261719e+00,-1.174628965259895352e+00,2.017262620311512100e-01
1.470000000000000107e+01,1.399923248291015625e+02,6.329532623291015625e+01,-2.528308033943176270e-01,7.242413997650146484e+00,1.031246500429642499e+00,4.999999999999998890e-01
1.480000000000000071e+01,1.406929016113281250e+02,6.311600494384765625e+01,-2.505810856819152832e-01,7.231684207916259766e+00,1.500000000000000000e+00,5.999497884089749489e-02
1.490000000000000036e+01,1.413962860107421875e+02,6.294139480590820312e+01,-2.433255314826965332e-01,7.247349262237548828e+00,-1.207678495833979904e+00,4.270354298441896845e-01
1.500000000000000000e+01,1.421004333496093750e+02,6.277741622924804688e+01,-2.287963032722473145e-01,7.229879856109619141e+00,-1.986494497437105849e-02,2.561354172926041395e-01
1.510000000000000142e+01,1.428060302734375000e+02,6.262928771972656250e+01,-2.069314122200012207e-01,7.209778785705566406e+00,1.500000000000000000e+00,-5.000000000000000000e-01
1.520000000000000107e+01,1.435145111083984375e+02,6.249124908447265625e+01,-1.924260258674621582e-01,7.217994689941406250e+00,8.344257394483418633e-01,-2.632463363528815270e-01
1.530000000000000071e+01,1.442256927490234375e+02,6.235802459716796875e+01,-1.851823925971984863e-01,7.235455036163330078e+00,4.796039649228835966e-01,-5.660332880549032858e-02
1.540000000000000036e+01,1.449386138916015625e+02,6.222447586059570312e+01,-1.851833462715148926e-01,7.253171443939208984e+00,1.500000000000000000e+00,-4.801586765156998227e-01
1.550000000000000000e+01,1.456542968750000000e+02,6.208499145507812500e+01,-1.924842149019241333e-01,7.291485309600830078e+00,1.500000000000000000e+00,4.999999987822217884e-01
1.560000000000000142e+01,1.463753509521484375e+02,6.194446182250976562e+01,-1.924846768379211426e-01,7.346180438995361328e+00,1.499999999248964544e+00,-4.999999991238999741e-01
1.570000000000000107e+01,1.471019744873046875e+02,6.179723739624023438e+01,-1.999080777168273926e-01,7.413884639739990234e+00,8.715019579881919665e-01,-4.200230774284842428e-02
1.580000000000000071e+01,1.478342285156250000e+02,6.164487457275390625e+01,-2.051470875740051270e-01,7.479330062866210938e+00,-3.999029236735716530e+00,-4.961424188149712311e-01
1.590000000000000036e+01,1.485611877441406250e+02,6.148395538330078125e+01,-2.178485989570617676e-01,7.445513248443603516e+00,6.499703189120944469e-01,2.953289169550428750e-01
1.600000000000000000e+01,1.492853546142578125e+02,6.131969833374023438e+01,-2.230504155158996582e-01,7.425611019134521484e+00,1.499539737667992867e+00,4.999768941460266958e-01
1.610000000000000142e+01,1.500106811523437500e+02,6.115687561035156250e+01,-2.208197712898254395e-01,7.433803081512451172e+00,1.495771559637449233e+00,4.652134583957895919e-01
1.619999999999999929e+01,1.507405395507812500e+02,6.100047302246093750e+01,-2.110970616340637207e-01,7.464298725128173828e+00,-3.963630955151404400e+00,-4.541590977957835618e-01
1.630000000000000071e+01,1.514647827148437500e+02,6.084695816040039062e+01,-2.088759541511535645e-01,7.403353691101074219e+00,-2.357635130113590716e+00,-4.176535351281706471e-02
1.640000000000000213e+01,1.521782989501953125e+02,6.069191741943359375e+01,-2.139614224433898926e-01,7.301717281341552734e+00,1.499999999999710676e+00,4.999999999997346567e-01
1.650000000000000000e+01,1.528866119384765625e+02,6.053964233398437500e+01,-2.117598652839660645e-01,7.244892120361328125e+00,1.499709080858807386e+00,4.999999999999998335e-01
1.660000000000000142e+01,1.535942535400390625e+02,6.039448547363281250e+01,-2.023208737373352051e-01,7.223812103271484375e+00,7.039119286214354787e-01,-4.999999999999999445e-01
1.669999999999999929e+01,1.543013916015625000e+02,6.025104904174804688e+01,-2.001278996467590332e-01,7.215314865112304688e+00,1.499999982790500397e+00,-4.999987552329751006e-01
1.680000000000000071e+01,1.550095062255859375e+02,6.010369491577148438e+01,-2.051652222871780396e-01,7.232771873474121094e+00,9.111990333268876752e-01,-1.548485663624523355e-02
1.690000000000000213e+01,1.557199096679687500e+02,5.995447540283203125e+01,-2.070391774177551270e-01,7.259119510650634766e+00,1.499999998875034546e+00,4.999999999999998890e-01
1.700000000000000000e+01,1.564355468750000000e+02,5.980820465087890625e+01,-2.016161084175109863e-01,7.304306030273437500e+00,-2.176951990249756719e+00,-4.644665152788487461e-01
1.710000000000000142e+01,1.571495971679687500e+02,5.966085815429687500e+01,-2.034981846809387207e-01,7.290927886962890625e+00,1.499110790484237343e+00,-2.990056258351358673e-02
1.719999999999999929e+01,1.578644256591796875e+02,5.951063537597656250e+01,-2.071393132209777832e-01,7.304417610168457031e+00,1.500000000000000000e+00,-4.408551494453837871e-01
1.730000000000000071e+01,1.585809631347656250e+02,5.935178375244140625e+01,-2.181656956672668457e-01,7.339323043823242188e+00,1.500000000000000000e+00,-2.794095151082407469e-01
1.740000000000000213e+01,1.592994689941406250e+02,5.917840957641601562e+01,-2.367709130048751831e-01,7.391263961791992188e+00,1.250567001384415899e+00,5.000000000000000000e-01
1.750000000000000000e+01,1.600218505859375000e+02,5.899551773071289062e+01,-2.479665875434875488e-01,7.451748847961425781e+00,-3.151238182301231983e-01,9.884767861371919484e-02
1.760000000000000142e+01,1.607470245361328125e+02,5.880903625488281250e+01,-2.516992688179016113e-01,7.487679481506347656e+00,-2.522248314038487482e+00,1.273436056147312367e-01
1.769999999999999929e+01,1.614701995849609375e+02,5.862595367431640625e+01,-2.479556202888488770e-01,7.459873676300048828e+00,-8.991950707277043264e-01,4.578838432177487205e-01
1.780000000000000071e+01,1.621908874511718750e+02,5.845203781127929688e+01,-2.367928624153137207e-01,7.413766384124755859e+00,-4.723845796454528845e-01,1.970882919853279014e-01
1.790000000000000213e+01,1.629095916748046875e+02,5.829265213012695312e+01,-2.182372212409973145e-01,7.361649513244628906e+00,3.448587137537875158e-01,1.027259270063107244e-01
1.800000000000000000e+01,1.636262817382812500e+02,5.814314651489257812e+01,-2.056577801704406738e-01,7.321130275726318359e+00,1.407407037812248296e+00,-5.000000000000000000e-01
1.810000000000000142e+01,1.643427581787109375e+02,5.799757385253906250e+01,-2.004488110542297363e-01,7.311135768890380859e+00,1.330217622715355041e+00,-4.350764351503300098e-01
1.819999999999999929e+01,1.650601806640625000e+02,5.785023498535156250e+01,-2.025573849678039551e-01,7.323927879333496094e+00,1.408488548330528445e-01,4.999999595758893300e-01
1.830000000000000071e+01,1.657790679931640625e+02,5.770650482177734375e+01,-1.973341256380081177e-01,7.331078529357910156e+00,1.019299233342670696e+00,8.696121212975256587e-03
1.840000000000000213e+01,1.665000915527343750e+02,5.756314849853515625e+01,-1.962688565254211426e-01,7.351297378540039062e+00,8.492674613293975661e-01,5.000000000000000000e-01
1.850000000000000000e+01,1.672249755859375000e+02,5.742538833618164062e+01,-1.878073960542678833e-01,7.378511905670166016e+00,-2.058120376053907741e+00,1.279034552606513053e-02
1.860000000000000142e+01,1.679475708007812500e+02,5.728923416137695312e+01,-1.862395405769348145e-01,7.353131294250488281e+00,9.550374161555076347e-01,4.999999999999935052e-01
1.869999999999999929e+01,1.686706695556640625e+02,5.715966033935546875e+01,-1.773117333650588989e-01,7.346126079559326172e+00,-1.541527851344867805e+00,-4.999992268249394689e-01
1.880000000000000071e+01,1.693898010253906250e+02,5.703195190429687500e+01,-1.757548451423645020e-01,7.303836822509765625e+00,1.500000000000000000e+00,4.951745304480622556e-01
1.890000000000000213e+01,1.701091003417968750e+02,5.691078186035156250e+01,-1.668894886970520020e-01,7.294297695159912109e+00,5.761100339244626944e-01,1.865311257977074200e-01
1.900000000000000000e+01,1.708300781250000000e+02,5.680133438110351562e+01,-1.506550908088684082e-01,7.292383670806884766e+00,1.304601161460852587e+00,-5.000000000000000000e-01
1.910000000000000142e+01,1.715538482666015625e+02,5.669803237915039062e+01,-1.417697221040725708e-01,7.311116695404052734e+00,1.281921496710678676e+00,-4.616509650179367874e-01
1.920000000000000284e+01,1.722812194824218750e+02,5.659537887573242188e+01,-1.402037739753723145e-01,7.345832824707031250e+00,1.197389524407946881e+00,-3.500541420229172918e-01
1.930000000000000071e+01,1.730125122070312500e+02,5.648782730102539062e+01,-1.460240632295608521e-01,7.391565799713134766e+00,3.775728521389747350e-01,5.487338278895673160e-02
1.940000000000000213e+01,1.737477416992187500e+02,5.638088607788085938e+01,-1.444404721260070801e-01,7.429644107818603516e+00,8.562533167994375027e-01,-2.541461141605858010e-01
1.950000000000000000e+01,1.744864349365234375e+02,5.626900100708007812e+01,-1.503227353096008301e-01,7.471166133880615234e+00,3.946718443906485074e-01,1.206362857272462868e-01
1.960000000000000142e+01,1.752287597656250000e+02,5.615777969360351562e+01,-1.487224847078323364e-01,7.506167411804199219e+00,7.990425221560025493e-02,5.000000000000000000e-01
1.970000000000000284e+01,1.759743957519531250e+02,5.605302810668945312e+01,-1.395719647407531738e-01,7.529649734497070312e+00,-1.464078071063307895e+00,-4.718980739362349519e-01
1.980000000000000071e+01,1.767185668945312500e+02,5.594969940185546875e+01,-1.379702836275100708e-01,7.513054847717285156e+00,6.182116678247049357e-01,1.172177301469959007e-02
1.990000000000000213e+01,1.774622039794921875e+02,5.584755325317382812e+01,-1.365035176277160645e-01,7.506186008453369141e+00,1.499988166162830039e+00,1.987214863462637149e-01
2.000000000000000000e+01,1.782085723876953125e+02,5.575187683105468750e+01,-1.274936795234680176e-01,7.524707794189453125e+00,-1.126455167450940431e+00,-4.492030466529626787e-01
2.010000000000000142e+01,1.789537048339843750e+02,5.565747070312500000e+01,-1.260259747505187988e-01,7.510917186737060547e+00,5.460426149210458879e-01,3.932001563030214086e-01
2.020000000000000284e+01,1.796990509033203125e+02,5.556983566284179688e+01,-1.170395016670227051e-01,7.504840850830078125e+00,1.500000000000000000e+00,4.999971876594591080e-01
2.030000000000000071e+01,1.804476623535156250e+02,5.549440383911132812e+01,-1.004250720143318176e-01,7.523995399475097656e+00,1.499999986180528433e+00,-4.999999951146132382e-01
2.040000000000000213e+01,1.812008361816406250e+02,5.542539596557617188e+01,-9.136898070573806763e-02,7.563238620758056641e+00,1.499999986237489313e+00,-4.568881992244295809e-01
2.050000000000000000e+01,1.819596099853515625e+02,5.535701370239257812e+01,-8.988076448440551758e-02,7.618456840515136719e+00,1.291766153464087630e+00,4.999999999998622213e-01
2.060000000000000142e+01,1.827253265380859375e+02,5.529510116577148438e+01,-8.068162947893142700e-02,7.682195186614990234e+00,-3.379435864476034168e-01,-6.415220485603347067e-02
2.070000000000000284e+01,1.834949188232421875e+02,5.523404312133789062e+01,-7.917338609695434570e-02,7.720077514648437500e+00,1.301683368375271321e+00,6.828768421849563952e-02
2.080000000000000071e+01,1.842700042724609375e+02,5.517945098876953125e+01,-7.031613588333129883e-02,7.770119667053222656e+00,1.500000000000000000e+00,-3.363921962464839766e-01
2.090000000000000213e+01,1.850514984130859375e+02,5.512525939941406250e+01,-6.923419982194900513e-02,7.833776950836181641e+00,1.173141251706368848e+00,2.283414824349366823e-01
2.100000000000000000e+01,1.858402404785156250e+02,5.507769775390625000e+01,-6.022673845291137695e-02,7.901695251464843750e+00,-3.770449176460204388e-01,4.999999999999999445e-01
2.110000000000000142e+01,1.866336975097656250e+02,5.504343795776367188e+01,-4.315215721726417542e-02,7.941950321197509766e+00,-6.970767121282540613e-01,1.643829243571124921e-01
2.120000000000000284e+01,1.874288940429687500e+02,5.502660751342773438e+01,-2.116328850388526917e-02,7.953730106353759766e+00,1.499999999999999778e+00,-4.051342678164960853e-01
2.130000000000000071e+01,1.882275543212890625e+02,5.502084350585937500e+01,-7.217709440737962723e-03,7.986753463745117188e+00,9.844854362091856048e-01,-4.940640451965064295e-01
2.140000000000000213e+01,1.890301971435546875e+02,5.501981735229492188e+01,-1.276318216696381569e-03,8.026367187500000000e+00,1.259592918370829651e+00,8.415280258627239052e-02
2.150000000000000000e+01,1.898378295898437500e+02,5.502795791625976562e+01,1.007825043052434921e-02,8.076702117919921875e+00,1.169007114137706749e+00,-4.999999868744646747e-01
2.160000000000000142e+01,1.906511230468750000e+02,5.503881835937500000e+01,1.335312705487012863e-02,8.133727073669433594e+00,8.014791897964782530e-01,2.771484894752976880e-01
2.170000000000000284e+01,1.914697418212890625e+02,5.505917739868164062e+01,2.486528269946575165e-02,8.188687324523925781e+00,-1.233148364145609133e+00,-4.259650227662033495e-01
2.180000000000000071e+01,1.922895507812500000e+02,5.508227539062500000e+01,2.816731296479701996e-02,8.201266288757324219e+00,1.499999999999999778e+00,-4.999999999999999445e-01
2.190000000000000213e+01,1.931128082275390625e+02,5.510141372680664062e+01,2.324535325169563293e-02,8.234727859497070312e+00,-2.224222597563012549e+00,-5.000000000000000000e-01
2.200000000000000000e+01,1.939337921142578125e+02,5.510969924926757812e+01,1.008948497474193573e-02,8.210317611694335938e+00,1.500000000000000000e+00,-4.999999999952047802e-01
2.210000000000000142e+01,1.947551727294921875e+02,5.510031890869140625e+01,-1.142150536179542542e-02,8.214299201965332031e+00,1.500000000000000000e+00,5.000000000000000000e-01
2.220000000000000284e+01,1.955790100097656250e+02,5.508002853393554688e+01,-2.462607994675636292e-02,8.240900039672851562e+00,1.500000000000000000e+00,7.371425846725349063e-02
2.230000000000000071e+01,1.964071960449218750e+02,5.505552673339843750e+01,-2.957851253449916840e-02,8.285503387451171875e+00,1.080726247421111230e+00,5.000000000000000000e-01
2.240000000000000213e+01,1.972405090332031250e+02,5.503366851806640625e+01,-2.622205577790737152e-02,8.336029052734375000e+00,-1.065105797422296829e+00,5.000000000000000000e-01
2.250000000000000000e+01,1.980752563476562500e+02,5.502157592773437500e+01,-1.448566094040870667e-02,8.348317146301269531e+00,-4.798463102376089862e-01,-4.995887337610609436e-01
2.260000000000000142e+01,1.989093933105468750e+02,5.501229476928710938e+01,-1.112682092934846878e-02,8.341833114624023438e+00,-6.329791778531834723e-01,-5.000000000000000000e-01
2.270000000000000284e+01,1.997410125732421875e+02,5.499890518188476562e+01,-1.609832420945167542e-02,8.317333221435546875e+00,6.122284681354380753e-01,4.999999999953225749e-01
2.280000000000000071e+01,2.005712890625000000e+02,5.498831558227539062e+01,-1.275521982461214066e-02,8.303402900695800781e+00,-8.658914684591609845e-01,-6.712573611630884285e-02
2.290000000000000213e+01,2.013979949951171875e+02,5.497368240356445312e+01,-1.769715920090675354e-02,8.268342018127441406e+00,3.201224573192797407e-01,4.320242923175434124e-01
2.300000000000000000e+01,2.022219238281250000e+02,5.496183395385742188e+01,-1.437932625412940979e-02,8.240193367004394531e+00,1.499999999999972911e+00,4.999999999999675260e-01
2.310000000000000142e+01,2.030460357666015625e+02,5.495953369140625000e+01,-2.793136984109878540e-03,8.241172790527343750e+00,6.936353119026057445e-01,-2.973880283024971441e-02
2.320000000000000284e+01,2.038709564208984375e+02,5.495996856689453125e+01,5.279479082673788071e-04,8.249232292175292969e+00,1.499999954584556150e+00,-4.999999896186252957e-01
2.330000000000000071e+01,2.046988525390625000e+02,5.495631027221679688e+01,-4.421059507876634598e-03,8.279054641723632812e+00,6.564622062418594695e-01,5.000000000000000000e-01
2.340000000000000213e+01,2.055297851562500000e+02,5.495541763305664062e+01,-1.075569773092865944e-03,8.309323310852050781e+00,-3.778454154963827860e-01,-4.202828529413825676e-01
2.350000000000000000e+01,2.063616943359375000e+02,5.495038604736328125e+01,-6.047550588846206665e-03,8.319236755371093750e+00,1.500000000000000000e+00,4.161982920605332703e-01
2.360000000000000142e+01,2.071967468261718750e+02,5.494814300537109375e+01,-2.685372019186615944e-03,8.350481033325195312e+00,-5.324790056720936082e-01,4.999999999510765791e-01
2.370000000000000284e+01,2.080325164794921875e+02,5.495571899414062500e+01,9.064836427569389343e-03,8.358046531677246094e+00,1.499999999801197914e+00,-5.000000000000000000e-01
2.380000000000000071e+01,2.088711853027343750e+02,5.496615600585937500e+01,1.244176644831895828e-02,8.387388229370117188e+00,-7.131233824628833151e-01,4.137736829634356961e-01
2.390000000000000213e+01,2.097099151611328125e+02,5.498648834228515625e+01,2.423667721450328827e-02,8.389795303344726562e+00,1.426430970879494220e+00,-2.305349902418882616e-02
2.400000000000000000e+01,2.105509490966796875e+02,5.500972747802734375e+01,2.762409299612045288e-02,8.413530349731445312e+00,1.500000000000000000e+00,5.000000000000000000e-01
2.410000000000000142e+01,2.113958587646484375e+02,5.504312896728515625e+01,3.951169177889823914e-02,8.455711364746093750e+00,-1.262701212138473528e+00,-4.999999999999995559e-01
2.420000000000000284e+01,2.122408142089843750e+02,5.507941436767578125e+01,4.291689768433570862e-02,8.457302093505859375e+00,1.500000000000000000e+00,5.000000000000000000e-01
2.430000000000000071e+01,2.130877227783203125e+02,5.512590789794921875e+01,5.484119802713394165e-02,8.481803894042968750e+00,3.088223295583819583e-01,-3.539620994419534483e-01
2.440000000000000213e+01,2.139363555908203125e+02,5.517540740966796875e+01,5.826382339000701904e-02,8.500718116760253906e+00,1.499999999999575895e+00,1.600037011486522276e-01
2.450000000000000000e+01,2.147881469726562500e+02,5.523535919189453125e+01,7.026844471693038940e-02,8.538988113403320312e+00,5.190228090450015319e-01,-7.152645051007239241e-02
2.460000000000000142e+01,2.156431274414062500e+02,5.529850387573242188e+01,7.372009009122848511e-02,8.573031425476074219e+00,1.500000000000000000e+00,-5.000000000000000000e-01
2.470000000000000284e+01,2.165034332275390625e+02,5.535758590698242188e+01,6.856594234704971313e-02,8.623298645019531250e+00,3.768723804656989307e-01,3.325907679680365492e-01
2.480000000000000071e+01,2.173675842285156250e+02,5.541996002197265625e+01,7.205429673194885254e-02,8.663990020751953125e+00,1.039031653863595972e+00,1.369825349090377786e-01
2.490000000000000213e+01,2.182355194091796875e+02,5.549330139160156250e+01,8.429974317550659180e-02,8.710262298583984375e+00,5.580800407930248674e-01,-4.999997269489114271e-01
2.500000000000000000e+01,2.191072845458984375e+02,5.557006072998046875e+01,8.782328665256500244e-02,8.751325607299804688e+00,1.074027011015160404e+00,4.012017736897491860e-01
2.510000000000000142e+01,2.199827270507812500e+02,5.565806961059570312e+01,1.001928895711898804e-01,8.798523902893066406e+00,1.500000000000000000e+00,5.000000000000000000e-01
2.520000000000000284e+01,2.208620910644531250e+02,5.576555252075195312e+01,1.216259300708770752e-01,8.859092712402343750e+00,2.212840292087617788e-01,-9.436240770425588509e-02
2.530000000000000071e+01,2.217445678710937500e+02,5.588464736938476562e+01,1.341447532176971436e-01,8.904692649841308594e+00,-3.397516983462753881e-01,-9.124368208849836792e-02
2.540000000000000213e+01,2.226288299560546875e+02,5.600722122192382812e+01,1.377390921115875244e-01,8.927107810974121094e+00,1.602576485355688418e-01,4.999999999178049159e-01
2.550000000000000000e+01,2.235128479003906250e+02,5.614110565185546875e+01,1.503090113401412964e-01,8.941031455993652344e+00,8.701785818080639556e-01,-2.251488152062613157e-01
2.560000000000000142e+01,2.243984832763671875e+02,5.627850723266601562e+01,1.539175957441329956e-01,8.962376594543457031e+00,1.327943699177416725e+00,4.999999993737770931e-01
2.570000000000000284e+01,2.252859039306640625e+02,5.642770767211914062e+01,1.665686070919036865e-01,8.998773574829101562e+00,1.074183718308153512e+00,-1.460428206920194594e-02
2.580000000000000071e+01,2.261770477294921875e+02,5.658087158203125000e+01,1.702091991901397705e-01,9.042058944702148438e+00,5.592225628996976700e-02,-7.849231980923314367e-02
2.590000000000000213e+01,2.270718078613281250e+02,5.672966384887695312e+01,1.647876799106597900e-01,9.070433616638183594e+00,-1.186683334333761969e-01,-4.999995128605120853e-01
2.600000000000000000e+01,2.279699249267578125e+02,5.686561203002929688e+01,1.502328217029571533e-01,9.083413124084472656e+00,-1.951974955565315639e+00,1.429711715279630979e-01
2.610000000000000142e+01,2.288652038574218750e+02,5.699618530273437500e+01,1.448251456022262573e-01,9.047449111938476562e+00,-4.000000000000000000e+00,5.000000000000000000e-01
2.620000000000000284e+01,2.297485351562500000e+02,5.712826156616210938e+01,1.484211683273315430e-01,8.931554794311523438e+00,-3.914927287794174315e+00,4.999999998360574183e-01
2.630000000000000071e+01,2.306126251220703125e+02,5.726835250854492188e+01,1.607278436422348022e-01,8.753766059875488281e+00,-4.000000000000000000e+00,2.997027881254384352e-01
2.640000000000000213e+01,2.314511566162109375e+02,5.742211151123046875e+01,1.813528686761856079e-01,8.525101661682128906e+00,-2.002469322923298822e+00,-3.238399519233069457e-01
2.650000000000000000e+01,2.322653503417968750e+02,5.758124542236328125e+01,1.930159628391265869e-01,8.296031951904296875e+00,-5.202823490384224092e-01,4.868650278644721663e-01
2.660000000000000142e+01,2.330567626953125000e+02,5.775208663940429688e+01,2.126039564609527588e-01,8.096467018127441406e+00,9.116620274431588289e-01,-4.394709394457191887e-01
2.670000000000000284e+01,2.338318634033203125e+02,5.792849349975585938e+01,2.237794399261474609e-01,7.949209690093994141e+00,2.402002790026672718e-01,-4.999999999999980571e-01
2.680000000000000071e+01,2.345948181152343750e+02,5.810466766357421875e+01,2.269320487976074219e-01,7.830319404602050781e+00,-3.999999986510127670e+00,-4.999999999998815392e-01
2.690000000000000213e+01,2.353409118652343750e+02,5.827336120605468750e+01,2.223600745201110840e-01,7.649323463439941406e+00,-1.605604896367176515e+00,-4.999999984408510234e-01
2.700000000000000000e+01,2.360711364746093750e+02,5.842930603027343750e+01,2.103955000638961792e-01,7.466874599456787109e+00,-3.289260573494052764e+00,2.297431055693277633e-03
2.710000000000000142e+01,2.367807769775390625e+02,5.857764053344726562e+01,2.060622572898864746e-01,7.249740600585937500e+00,-3.999999380971942742e+00,4.970178148301657717e-01
2.720000000000000284e+01,2.374646759033203125e+02,5.872260665893554688e+01,2.088770717382431030e-01,6.990928173065185547e+00,-3.629771089968739872e+00,-4.999999999717625321e-01
2.730000000000000071e+01,2.381213073730468750e+02,5.885904312133789062e+01,2.048685401678085327e-01,6.706518650054931641e+00,-3.149598794752155317e+00,-1.883702755366684911e-01
2.740000000000000213e+01,2.387503662109375000e+02,5.898302078247070312e+01,1.945948749780654907e-01,6.411543846130371094e+00,-3.907142232464123843e+00,4.362260635481177706e-01
2.750000000000000000e+01,2.393486175537109375e+02,5.909866714477539062e+01,1.909530162811279297e-01,6.093235969543457031e+00,-1.894828975533585869e+00,4.967442843664126029e-01
2.760000000000000142e+01,2.399175109863281250e+02,5.921001434326171875e+01,1.932868957519531250e-01,5.796836853027343750e+00,-1.519716181176473890e+00,-4.774473705888740427e-01
2.770000000000000284e+01,2.404601287841796875e+02,5.931436157226562500e+01,1.899841576814651489e-01,5.525634288787841797e+00,-1.464253692012904118e+00,-4.995734596402531813e-01
2.780000000000000071e+01,2.409790496826171875e+02,5.940961074829101562e+01,1.815304309129714966e-01,5.275834560394287109e+00,-2.982569339452348700e+00,-4.989595513262511384e-01
2.790000000000000213e+01,2.414732513427734375e+02,5.949363327026367188e+01,1.684032082557678223e-01,5.012921810150146484e+00,-3.001489346196096974e+00,4.999798906171031287e-01
2.800000000000000000e+01,2.419410705566406250e+02,5.956951904296875000e+01,1.608089655637741089e-01,4.739392757415771484e+00,-3.999323031405327189e+00,-2.590721039525139546e-01
